{"Logistic Regression": 0.9362745098039216, "Multinomial NB": 0.6642156862745098, "Linear SVM": 0.9926470588235294}